{
  "allOf": [
    {
      "type": "object",
      "properties": {
        "limit": {
          "description": "The limit used for the response. Defaults to 20 when the request does not specify one.",
          "type": "integer",
          "example": 20,
          "maximum": 100,
          "minimum": 1
        },
        "offset": {
          "description": "The offset used for the response. Defaults to 0 when the request does not specify one.",
          "type": "integer",
          "example": 0,
          "minimum": 0
        },
        "total": {
          "description": "The number of rows returned in the response. If the total is less than the limit, the user is on the last page and no more results match the query.",
          "type": "integer",
          "example": 10,
          "minimum": 0
        },
        "order": {
          "description": "The criteria used to sort the results. Defaults to the primary key of the table, ascending",
          "type": "string",
          "example": "bbl"
        }
      },
      "required": ["limit", "offset", "total", "order"],
      "x-readme-ref-name": "Page"
    },
    {
      "type": "object",
      "properties": {
        "capitalProjects": {
          "type": "array",
          "items": {
            "type": "object",
            "properties": {
              "id": {
                "description": "The id for the project, which combines with the managing code to make a unique id",
                "type": "string",
                "example": "HWPEDSF5"
              },
              "description": {
                "description": "The capital project title.",
                "type": "string",
                "example": "Multi-Site Pedestrian Safety Phase 5"
              },
              "managingCode": {
                "description": "Three character string of numbers representing managing agency",
                "type": "string",
                "example": 850,
                "pattern": "^([0-9]{3})$"
              },
              "managingAgency": {
                "description": "The managing agency name abbreviation or acronym",
                "type": "string",
                "example": "DOT"
              },
              "minDate": {
                "description": "The starting date of the capital project",
                "type": "string",
                "format": "date",
                "example": "2024-05-15"
              },
              "maxDate": {
                "description": "The ending date of the capital project",
                "type": "string",
                "format": "date",
                "example": "2024-05-15"
              },
              "category": {
                "nullable": true,
                "description": "The type of Capital Project.",
                "type": "string",
                "enum": [
                  "Fixed Asset",
                  "Lump Sum",
                  "ITT, Vehicles and Equipment",
                  null
                ],
                "x-readme-ref-name": "CapitalProjectCategory"
              }
            },
            "required": [
              "id",
              "description",
              "managingCode",
              "managingAgency",
              "minDate",
              "maxDate",
              "category"
            ],
            "x-readme-ref-name": "CapitalProject"
          }
        }
      },
      "required": ["capitalProjects"]
    }
  ],
  "x-readme-ref-name": "CapitalProjectPage"
}
