{
  "type": "object",
  "properties": {
    "id": {
      "description": "Three character code to represent a borough and community district.",
      "type": "string",
      "example": 101,
      "pattern": "^([0-9]{3})$"
    },
    "type": { "type": "string", "enum": ["Feature"] },
    "properties": {
      "type": "object",
      "properties": {
        "id": {
          "description": "The two character numeric string containing the number used to refer to the community district.",
          "type": "string",
          "example": 1,
          "pattern": "^([0-9]{2})$"
        },
        "boroughId": {
          "description": "A single character numeric string containing the common number used to refer to the borough. Possible values are 1-5.",
          "type": "string",
          "example": 1,
          "pattern": "^([0-9])$"
        }
      },
      "required": ["id", "boroughId"],
      "x-readme-ref-name": "CommunityDistrict"
    },
    "geometry": {
      "description": "A geojson implementation of a MultiPolygon Simple Feature",
      "type": "object",
      "properties": {
        "type": { "type": "string", "enum": ["MultiPolygon"] },
        "coordinates": {
          "description": "Array of polygon coordinate arrays.",
          "type": "array",
          "items": {
            "type": "array",
            "items": {
              "type": "array",
              "items": {
                "description": "The fundamental spatial construct",
                "type": "array",
                "items": { "type": "number" },
                "example": [-74.010835, 40.708442],
                "maxItems": 3,
                "minItems": 2,
                "x-readme-ref-name": "Position"
              }
            }
          }
        }
      },
      "required": ["type", "coordinates"],
      "x-readme-ref-name": "MultiPolygon"
    }
  },
  "required": ["id", "type", "geometry", "properties"],
  "x-readme-ref-name": "CommunityDistrictGeoJson"
}
