{
  "type": "object",
  "properties": {
    "limit": {
      "description": "The limit used for the response. Defaults to 20 when the request does not specify one.",
      "type": "integer",
      "example": 20,
      "maximum": 100,
      "minimum": 1
    },
    "offset": {
      "description": "The offset used for the response. Defaults to 0 when the request does not specify one.",
      "type": "integer",
      "example": 0,
      "minimum": 0
    },
    "total": {
      "description": "The number of rows returned in the response. If the total is less than the limit, the user is on the last page and no more results match the query.",
      "type": "integer",
      "example": 10,
      "minimum": 0
    },
    "order": {
      "description": "The criteria used to sort the results. Defaults to the primary key of the table, ascending",
      "type": "string",
      "example": "bbl"
    }
  },
  "required": ["limit", "offset", "total", "order"],
  "x-readme-ref-name": "Page"
}
