{
  "version": "7",
  "dialect": "postgresql",
  "tables": {
    "public.borough": {
      "name": "borough",
      "schema": "",
      "columns": {
        "id": {
          "name": "id",
          "type": "char(1)",
          "primaryKey": true,
          "notNull": true
        },
        "title": {
          "name": "title",
          "type": "text",
          "primaryKey": false,
          "notNull": true
        },
        "abbr": {
          "name": "abbr",
          "type": "text",
          "primaryKey": false,
          "notNull": true
        }
      },
      "indexes": {},
      "foreignKeys": {},
      "compositePrimaryKeys": {},
      "uniqueConstraints": {}
    }
  },
  "enums": {},
  "schemas": {},
  "_meta": {
    "schemas": {},
    "tables": {},
    "columns": {}
  },
  "id": "258c27d2-149b-4c9c-87d7-53cecaee89e2",
  "prevId": "00000000-0000-0000-0000-000000000000"
}