{
  "version": "7",
  "dialect": "postgresql",
  "tables": {
    "public.borough": {
      "name": "borough",
      "schema": "",
      "columns": {
        "id": {
          "name": "id",
          "type": "char(1)",
          "primaryKey": true,
          "notNull": true
        },
        "title": {
          "name": "title",
          "type": "text",
          "primaryKey": false,
          "notNull": true
        },
        "abbr": {
          "name": "abbr",
          "type": "text",
          "primaryKey": false,
          "notNull": true
        }
      },
      "indexes": {},
      "foreignKeys": {},
      "compositePrimaryKeys": {},
      "uniqueConstraints": {}
    },
    "public.land_use": {
      "name": "land_use",
      "schema": "",
      "columns": {
        "id": {
          "name": "id",
          "type": "char(2)",
          "primaryKey": true,
          "notNull": true
        },
        "description": {
          "name": "description",
          "type": "text",
          "primaryKey": false,
          "notNull": true
        },
        "color": {
          "name": "color",
          "type": "char(9)",
          "primaryKey": false,
          "notNull": true
        }
      },
      "indexes": {},
      "foreignKeys": {},
      "compositePrimaryKeys": {},
      "uniqueConstraints": {}
    }
  },
  "enums": {},
  "schemas": {},
  "_meta": {
    "schemas": {},
    "tables": {},
    "columns": {}
  },
  "id": "c7aaaf9a-b2d5-4bd9-96d7-fe26bbb781b3",
  "prevId": "258c27d2-149b-4c9c-87d7-53cecaee89e2"
}