{
  "version": "7",
  "dialect": "postgresql",
  "tables": {
    "public.borough": {
      "name": "borough",
      "schema": "",
      "columns": {
        "id": {
          "name": "id",
          "type": "char(1)",
          "primaryKey": true,
          "notNull": true
        },
        "title": {
          "name": "title",
          "type": "text",
          "primaryKey": false,
          "notNull": true
        },
        "abbr": {
          "name": "abbr",
          "type": "text",
          "primaryKey": false,
          "notNull": true
        }
      },
      "indexes": {},
      "foreignKeys": {},
      "compositePrimaryKeys": {},
      "uniqueConstraints": {}
    },
    "public.land_use": {
      "name": "land_use",
      "schema": "",
      "columns": {
        "id": {
          "name": "id",
          "type": "char(2)",
          "primaryKey": true,
          "notNull": true
        },
        "description": {
          "name": "description",
          "type": "text",
          "primaryKey": false,
          "notNull": true
        },
        "color": {
          "name": "color",
          "type": "char(9)",
          "primaryKey": false,
          "notNull": true
        }
      },
      "indexes": {},
      "foreignKeys": {},
      "compositePrimaryKeys": {},
      "uniqueConstraints": {}
    },
    "public.tax_lot": {
      "name": "tax_lot",
      "schema": "",
      "columns": {
        "bbl": {
          "name": "bbl",
          "type": "char(10)",
          "primaryKey": true,
          "notNull": true
        },
        "borough_id": {
          "name": "borough_id",
          "type": "char(1)",
          "primaryKey": false,
          "notNull": true
        },
        "block": {
          "name": "block",
          "type": "text",
          "primaryKey": false,
          "notNull": true
        },
        "lot": {
          "name": "lot",
          "type": "text",
          "primaryKey": false,
          "notNull": true
        },
        "address": {
          "name": "address",
          "type": "text",
          "primaryKey": false,
          "notNull": false
        },
        "land_use_id": {
          "name": "land_use_id",
          "type": "char(2)",
          "primaryKey": false,
          "notNull": false
        },
        "wgs84": {
          "name": "wgs84",
          "type": "geography(multiPolygon, 4326)",
          "primaryKey": false,
          "notNull": true
        },
        "li_ft": {
          "name": "li_ft",
          "type": "geometry(multiPolygon,2263)",
          "primaryKey": false,
          "notNull": true
        }
      },
      "indexes": {},
      "foreignKeys": {
        "tax_lot_borough_id_borough_id_fk": {
          "name": "tax_lot_borough_id_borough_id_fk",
          "tableFrom": "tax_lot",
          "columnsFrom": [
            "borough_id"
          ],
          "tableTo": "borough",
          "columnsTo": [
            "id"
          ],
          "onUpdate": "no action",
          "onDelete": "no action"
        },
        "tax_lot_land_use_id_land_use_id_fk": {
          "name": "tax_lot_land_use_id_land_use_id_fk",
          "tableFrom": "tax_lot",
          "columnsFrom": [
            "land_use_id"
          ],
          "tableTo": "land_use",
          "columnsTo": [
            "id"
          ],
          "onUpdate": "no action",
          "onDelete": "no action"
        }
      },
      "compositePrimaryKeys": {},
      "uniqueConstraints": {}
    },
    "public.zoning_district": {
      "name": "zoning_district",
      "schema": "",
      "columns": {
        "id": {
          "name": "id",
          "type": "uuid",
          "primaryKey": true,
          "notNull": true,
          "default": "gen_random_uuid()"
        },
        "label": {
          "name": "label",
          "type": "text",
          "primaryKey": false,
          "notNull": true
        },
        "wgs84": {
          "name": "wgs84",
          "type": "geography(multiPolygon, 4326)",
          "primaryKey": false,
          "notNull": true
        },
        "li_ft": {
          "name": "li_ft",
          "type": "geometry(multiPolygon,2263)",
          "primaryKey": false,
          "notNull": true
        }
      },
      "indexes": {},
      "foreignKeys": {},
      "compositePrimaryKeys": {},
      "uniqueConstraints": {}
    },
    "public.zoning_district_class": {
      "name": "zoning_district_class",
      "schema": "",
      "columns": {
        "id": {
          "name": "id",
          "type": "text",
          "primaryKey": true,
          "notNull": true
        },
        "category": {
          "name": "category",
          "type": "category",
          "primaryKey": false,
          "notNull": false
        },
        "description": {
          "name": "description",
          "type": "text",
          "primaryKey": false,
          "notNull": true
        },
        "url": {
          "name": "url",
          "type": "text",
          "primaryKey": false,
          "notNull": false
        },
        "color": {
          "name": "color",
          "type": "char(9)",
          "primaryKey": false,
          "notNull": true
        }
      },
      "indexes": {},
      "foreignKeys": {},
      "compositePrimaryKeys": {},
      "uniqueConstraints": {}
    },
    "public.zoning_district_zoning_district_class": {
      "name": "zoning_district_zoning_district_class",
      "schema": "",
      "columns": {
        "zoning_district_id": {
          "name": "zoning_district_id",
          "type": "uuid",
          "primaryKey": false,
          "notNull": true
        },
        "zoning_district_class_id": {
          "name": "zoning_district_class_id",
          "type": "text",
          "primaryKey": false,
          "notNull": true
        }
      },
      "indexes": {},
      "foreignKeys": {
        "zoning_district_zoning_district_class_zoning_district_id_zoning_district_id_fk": {
          "name": "zoning_district_zoning_district_class_zoning_district_id_zoning_district_id_fk",
          "tableFrom": "zoning_district_zoning_district_class",
          "columnsFrom": [
            "zoning_district_id"
          ],
          "tableTo": "zoning_district",
          "columnsTo": [
            "id"
          ],
          "onUpdate": "no action",
          "onDelete": "no action"
        },
        "zoning_district_zoning_district_class_zoning_district_class_id_zoning_district_class_id_fk": {
          "name": "zoning_district_zoning_district_class_zoning_district_class_id_zoning_district_class_id_fk",
          "tableFrom": "zoning_district_zoning_district_class",
          "columnsFrom": [
            "zoning_district_class_id"
          ],
          "tableTo": "zoning_district_class",
          "columnsTo": [
            "id"
          ],
          "onUpdate": "no action",
          "onDelete": "no action"
        }
      },
      "compositePrimaryKeys": {},
      "uniqueConstraints": {}
    }
  },
  "enums": {
    "public.category": {
      "name": "category",
      "schema": "public",
      "values": [
        "Residential",
        "Commercial",
        "Manufacturing"
      ]
    }
  },
  "schemas": {},
  "_meta": {
    "schemas": {},
    "tables": {},
    "columns": {}
  },
  "id": "8ff5121f-8ecf-45e7-9fce-3b5cd62794d0",
  "prevId": "4e677f00-7a15-4ae5-a1cd-fd66e350b2da"
}