{
  "version": "5",
  "dialect": "pg",
  "entries": [
    {
      "idx": 0,
      "version": "5",
      "when": 1700158371957,
      "tag": "0000_nebulous_dormammu",
      "breakpoints": true
    },
    {
      "idx": 1,
      "version": "5",
      "when": 1700243928206,
      "tag": "0001_special_thor_girl",
      "breakpoints": true
    },
    {
      "idx": 2,
      "version": "5",
      "when": 1700488764843,
      "tag": "0002_smart_wallflower",
      "breakpoints": true
    },
    {
      "idx": 3,
      "version": "5",
      "when": 1700579506393,
      "tag": "0003_premium_silver_samurai",
      "breakpoints": true
    },
    {
      "idx": 4,
      "version": "5",
      "when": 1715888872392,
      "tag": "0004_tidy_sauron",
      "breakpoints": true
    },
    {
      "idx": 5,
      "version": "5",
      "when": 1716492728623,
      "tag": "0005_luxuriant_microbe",
      "breakpoints": true
    },
    {
      "idx": 6,
      "version": "7",
      "when": 1717534239478,
      "tag": "0006_brainy_wong",
      "breakpoints": true
    },
    {
      "idx": 7,
      "version": "7",
      "when": 1717765658928,
      "tag": "0007_wet_morlun",
      "breakpoints": true
    },
    {
      "idx": 8,
      "version": "7",
      "when": 1718390401153,
      "tag": "0008_closed_smasher",
      "breakpoints": true
    },
    {
      "idx": 9,
      "version": "7",
      "when": 1718887974415,
      "tag": "0009_sweet_whistler",
      "breakpoints": true
    },
    {
      "idx": 10,
      "version": "7",
      "when": 1719257023128,
      "tag": "0010_military_mathemanic",
      "breakpoints": true
    },
    {
      "idx": 11,
      "version": "7",
      "when": 1719326696396,
      "tag": "0011_old_grey_gargoyle",
      "breakpoints": true
    },
    {
      "idx": 12,
      "version": "7",
      "when": 1719345311293,
      "tag": "0012_big_russian",
      "breakpoints": true
    },
    {
      "idx": 13,
      "version": "7",
      "when": 1719947313795,
      "tag": "0013_petite_bulldozer",
      "breakpoints": true
    },
    {
      "idx": 14,
      "version": "7",
      "when": 1719947385308,
      "tag": "0014_strange_tarantula",
      "breakpoints": true
    },
    {
      "idx": 15,
      "version": "7",
      "when": 1720202919660,
      "tag": "0015_lumpy_the_enforcers",
      "breakpoints": true
    },
    {
      "idx": 16,
      "version": "7",
      "when": 1720791763826,
      "tag": "0016_condemned_hammerhead",
      "breakpoints": true
    },
    {
      "idx": 17,
      "version": "7",
      "when": 1722619351595,
      "tag": "0017_safe_satana",
      "breakpoints": true
    },
    {
      "idx": 18,
      "version": "7",
      "when": 1731451076152,
      "tag": "0018_acoustic_solo",
      "breakpoints": true
    },
    {
      "idx": 19,
      "version": "7",
      "when": 1732654469204,
      "tag": "0019_fast_stephen_strange",
      "breakpoints": true
    }
  ]
}